Month,Monthly_Revenue,Units_Sold
2025-01,423117.95999999996,1041
2025-02,359920.6300000001,871
2025-03,417709.7899999999,1051
2025-04,17557.89,38
