Region,Total_Revenue,Units_Sold
North,353551.95999999973,848
South,313016.63999999984,740
East,277434.47,719
West,274303.2000000001,694
